date,release,asset,downloads
2026-09-18,continuous-windows,AZURE2-macos.dmg,0
2026-09-18,continuous-windows,AZURE2-windows-x86_64.zip,0
2026-09-18,v1.0,AZURE2_1.0.0-MacOSX-binary.dmg,9
2026-09-18,v1.0,AZURE2_1.0.0-Windows-binary.zip,18
2026-09-18,v1.0,AZURE2_1.0.0-source.tar.gz,18
2026-09-19,continuous-windows,AZURE2-macos.dmg,0
2026-09-19,continuous-windows,AZURE2-windows-x86_64.zip,0
2026-09-19,v1.0,AZURE2_1.0.0-MacOSX-binary.dmg,9
2026-09-19,v1.0,AZURE2_1.0.0-Windows-binary.zip,18
2026-09-19,v1.0,AZURE2_1.0.0-source.tar.gz,18
2026-09-20,continuous-windows,AZURE2-macos.dmg,0
2026-09-20,continuous-windows,AZURE2-windows-x86_64.zip,0
2026-09-20,v1.0,AZURE2_1.0.0-MacOSX-binary.dmg,9
2026-09-20,v1.0,AZURE2_1.0.0-Windows-binary.zip,18
2026-09-20,v1.0,AZURE2_1.0.0-source.tar.gz,18
2026-09-21,continuous-windows,AZURE2-macos.dmg,0
2026-09-21,continuous-windows,AZURE2-windows-x86_64.zip,0
2026-09-21,v1.0,AZURE2_1.0.0-MacOSX-binary.dmg,9
2026-09-21,v1.0,AZURE2_1.0.0-Windows-binary.zip,18
2026-09-21,v1.0,AZURE2_1.0.0-source.tar.gz,18
2026-09-22,continuous-windows,AZURE2-macos.dmg,1
2026-09-22,continuous-windows,AZURE2-windows-x86_64.zip,0
2026-09-22,v1.0,AZURE2_1.0.0-MacOSX-binary.dmg,9
2026-09-22,v1.0,AZURE2_1.0.0-Windows-binary.zip,18
2026-09-22,v1.0,AZURE2_1.0.0-source.tar.gz,18
2026-09-23,continuous-windows,AZURE2-macos.dmg,0
2026-09-23,continuous-windows,AZURE2-windows-x86_64.zip,0
2026-09-23,v1.0,AZURE2_1.0.0-MacOSX-binary.dmg,9
2026-09-23,v1.0,AZURE2_1.0.0-Windows-binary.zip,18
2026-09-23,v1.0,AZURE2_1.0.0-source.tar.gz,18
2026-09-23,v2.0,AZURE2-linux.zip,0
2026-09-23,v2.0,AZURE2-macos.zip,0
2026-09-23,v2.0,AZURE2-windows.zip,0
2026-09-24,continuous-windows,AZURE2-macos.dmg,0
2026-09-24,continuous-windows,AZURE2-windows-x86_64.zip,0
2026-09-24,v1.0,AZURE2_1.0.0-MacOSX-binary.dmg,9
2026-09-24,v1.0,AZURE2_1.0.0-Windows-binary.zip,18
2026-09-24,v1.0,AZURE2_1.0.0-source.tar.gz,18
2026-09-24,v2.0,AZURE2-linux.zip,0
2026-09-24,v2.0,AZURE2-macos.zip,0
2026-09-24,v2.0,AZURE2-windows.zip,0
2026-09-25,continuous-windows,AZURE2-macos.dmg,0
2026-09-25,continuous-windows,AZURE2-windows-x86_64.zip,0
2026-09-25,v1.0,AZURE2_1.0.0-MacOSX-binary.dmg,9
2026-09-25,v1.0,AZURE2_1.0.0-Windows-binary.zip,18
2026-09-25,v1.0,AZURE2_1.0.0-source.tar.gz,18
2026-09-25,v2.0,AZURE2-linux.zip,0
2026-09-25,v2.0,AZURE2-macos.zip,0
2026-09-25,v2.0,AZURE2-windows.zip,0
2026-09-26,continuous-windows,AZURE2-macos.dmg,0
2026-09-26,continuous-windows,AZURE2-windows-x86_64.zip,0
2026-09-26,v1.0,AZURE2_1.0.0-MacOSX-binary.dmg,9
2026-09-26,v1.0,AZURE2_1.0.0-Windows-binary.zip,18
2026-09-26,v1.0,AZURE2_1.0.0-source.tar.gz,18
2026-09-26,v2.0,AZURE2-linux.zip,0
2026-09-26,v2.0,AZURE2-macos.zip,1
2026-09-26,v2.0,AZURE2-windows.zip,0
2026-09-27,continuous-windows,AZURE2-macos.dmg,0
2026-09-27,continuous-windows,AZURE2-windows-x86_64.zip,0
2026-09-27,v1.0,AZURE2_1.0.0-MacOSX-binary.dmg,9
2026-09-27,v1.0,AZURE2_1.0.0-Windows-binary.zip,18
2026-09-27,v1.0,AZURE2_1.0.0-source.tar.gz,18
2026-09-27,v2.0,AZURE2-linux.zip,0
2026-09-27,v2.0,AZURE2-macos.zip,1
2026-09-27,v2.0,AZURE2-windows.zip,1
2026-09-28,continuous-windows,AZURE2-macos.dmg,0
2026-09-28,continuous-windows,AZURE2-windows-x86_64.zip,0
2026-09-28,v1.0,AZURE2_1.0.0-MacOSX-binary.dmg,9
2026-09-28,v1.0,AZURE2_1.0.0-Windows-binary.zip,18
2026-09-28,v1.0,AZURE2_1.0.0-source.tar.gz,18
2026-09-28,v2.0,AZURE2-linux.zip,0
2026-09-28,v2.0,AZURE2-macos.zip,1
2026-09-28,v2.0,AZURE2-windows.zip,1
2026-09-29,continuous-windows,AZURE2-macos.dmg,0
2026-09-29,continuous-windows,AZURE2-windows-x86_64.zip,0
2026-09-29,v1.0,AZURE2_1.0.0-MacOSX-binary.dmg,9
2026-09-29,v1.0,AZURE2_1.0.0-Windows-binary.zip,18
2026-09-29,v1.0,AZURE2_1.0.0-source.tar.gz,18
2026-09-29,v2.0,AZURE2-linux.zip,0
2026-09-29,v2.0,AZURE2-macos.zip,2
2026-09-29,v2.0,AZURE2-windows.zip,1
2026-09-30,continuous-windows,AZURE2-macos.dmg,0
2026-09-30,continuous-windows,AZURE2-windows-x86_64.zip,0
2026-09-30,v1.0,AZURE2_1.0.0-MacOSX-binary.dmg,9
2026-09-30,v1.0,AZURE2_1.0.0-Windows-binary.zip,18
2026-09-30,v1.0,AZURE2_1.0.0-source.tar.gz,18
2026-09-30,v2.0,AZURE2-linux.zip,0
2026-09-30,v2.0,AZURE2-macos.zip,2
2026-09-30,v2.0,AZURE2-windows.zip,1
2026-10-01,continuous-windows,AZURE2-macos.dmg,0
2026-10-01,continuous-windows,AZURE2-windows-x86_64.zip,0
2026-10-01,v1.0,AZURE2_1.0.0-MacOSX-binary.dmg,9
2026-10-01,v1.0,AZURE2_1.0.0-Windows-binary.zip,18
2026-10-01,v1.0,AZURE2_1.0.0-source.tar.gz,18
2026-10-01,v2.0,AZURE2-linux.zip,0
2026-10-01,v2.0,AZURE2-macos.zip,2
2026-10-01,v2.0,AZURE2-windows.zip,1
2026-10-02,continuous-windows,AZURE2-macos.dmg,0
2026-10-02,continuous-windows,AZURE2-windows-x86_64.zip,0
2026-10-02,v1.0,AZURE2_1.0.0-MacOSX-binary.dmg,9
2026-10-02,v1.0,AZURE2_1.0.0-Windows-binary.zip,18
2026-10-02,v1.0,AZURE2_1.0.0-source.tar.gz,18
2026-10-02,v2.0,AZURE2-linux.zip,0
2026-10-02,v2.0,AZURE2-macos.zip,2
2026-10-02,v2.0,AZURE2-windows.zip,1
2026-10-03,continuous-windows,AZURE2-macos.dmg,0
2026-10-03,continuous-windows,AZURE2-windows-x86_64.zip,0
2026-10-03,v1.0,AZURE2_1.0.0-MacOSX-binary.dmg,9
2026-10-03,v1.0,AZURE2_1.0.0-Windows-binary.zip,18
2026-10-03,v1.0,AZURE2_1.0.0-source.tar.gz,18
2026-10-03,v2.0,AZURE2-linux.zip,0
2026-10-03,v2.0,AZURE2-macos.zip,2
2026-10-03,v2.0,AZURE2-windows.zip,1
2026-10-04,continuous-windows,AZURE2-macos.dmg,0
2026-10-04,continuous-windows,AZURE2-windows-x86_64.zip,0
2026-10-04,v1.0,AZURE2_1.0.0-MacOSX-binary.dmg,9
2026-10-04,v1.0,AZURE2_1.0.0-Windows-binary.zip,18
2026-10-04,v1.0,AZURE2_1.0.0-source.tar.gz,18
2026-10-04,v2.0,AZURE2-linux.zip,0
2026-10-04,v2.0,AZURE2-macos.zip,2
2026-10-04,v2.0,AZURE2-windows.zip,1
2026-10-05,continuous-windows,AZURE2-macos.dmg,0
2026-10-05,continuous-windows,AZURE2-windows-x86_64.zip,0
2026-10-05,v1.0,AZURE2_1.0.0-MacOSX-binary.dmg,9
2026-10-05,v1.0,AZURE2_1.0.0-Windows-binary.zip,18
2026-10-05,v1.0,AZURE2_1.0.0-source.tar.gz,18
2026-10-05,v2.0,AZURE2-linux.zip,0
2026-10-05,v2.0,AZURE2-macos.zip,2
2026-10-05,v2.0,AZURE2-windows.zip,1
2026-10-06,continuous-windows,AZURE2-macos.dmg,0
2026-10-06,continuous-windows,AZURE2-windows-x86_64.zip,0
2026-10-06,v1.0,AZURE2_1.0.0-MacOSX-binary.dmg,9
2026-10-06,v1.0,AZURE2_1.0.0-Windows-binary.zip,18
2026-10-06,v1.0,AZURE2_1.0.0-source.tar.gz,18
2026-10-06,v2.0,AZURE2-linux.zip,0
2026-10-06,v2.0,AZURE2-macos.zip,2
2026-10-06,v2.0,AZURE2-windows.zip,1
2026-10-07,continuous-windows,AZURE2-macos.dmg,0
2026-10-07,continuous-windows,AZURE2-windows-x86_64.zip,0
2026-10-07,v1.0,AZURE2_1.0.0-MacOSX-binary.dmg,9
2026-10-07,v1.0,AZURE2_1.0.0-Windows-binary.zip,18
2026-10-07,v1.0,AZURE2_1.0.0-source.tar.gz,18
2026-10-07,v2.0,AZURE2-linux.zip,1
2026-10-07,v2.0,AZURE2-macos.zip,2
2026-10-07,v2.0,AZURE2-windows.zip,2
