date,referrer,count,uniques
2026-09-18,cg.hzdr.de,1,1
2026-09-18,github.com,11,8
2026-09-19,github.com,4,3
2026-09-20,github.com,3,2
2026-09-21,github.com,3,2
2026-09-22,github.com,4,3
2026-09-23,github.com,7,6
2026-09-23,web.telegram.org,1,1
2026-09-24,github.com,7,6
2026-09-24,web.telegram.org,1,1
2026-09-25,github.com,7,6
2026-09-25,web.telegram.org,1,1
2026-09-26,github.com,7,6
2026-09-26,web.telegram.org,1,1
2026-09-27,github.com,7,6
2026-09-27,web.telegram.org,1,1
2026-09-28,github.com,7,6
2026-09-28,web.telegram.org,1,1
2026-09-29,github.com,7,6
2026-09-29,web.telegram.org,1,1
2026-09-30,DuckDuckGo,1,1
2026-09-30,github.com,11,7
2026-09-30,web.telegram.org,1,1
