date,count,uniques
2026-09-04,141,19
2026-09-05,5,2
2026-09-06,0,0
2026-09-07,4,3
2026-09-08,14,2
2026-09-09,4,2
2026-09-10,7,2
2026-09-11,0,0
2026-09-12,0,0
2026-09-13,0,0
2026-09-14,0,0
2026-09-15,1,1
2026-09-16,0,0
2026-09-17,1,1
2026-09-18,27,4
2026-09-19,5,3
2026-09-20,1,1
2026-09-21,11,4
2026-09-22,16,8
2026-09-23,0,0
2026-09-24,0,0
2026-09-25,0,0
2026-09-26,0,0
2026-09-27,2,1
2026-09-28,38,5
2026-09-29,7,4
2026-09-30,11,4
2026-10-01,4,1
2026-10-02,1,1
2026-10-03,1,1
2026-10-04,2,2
2026-10-05,1,1
2026-10-06,4,4
2026-10-07,5,1
2026-10-08,20,3
